ID,x_left_Amygdala_volume,x_right_Amygdala_volume,pTau217,ICV
sub1,901.9392,901.9392,0.8526,1414745.8900000001
sub2,901.9392,901.9392,0.8526,1414745.8900000001
sub3,1181.5801999999999,1181.5801999999999,0.6698000000000001,1426591.6764
sub4,1181.5801999999999,1181.5801999999999,0.6698000000000001,1426591.6764
sub5,1126.3658,1126.3658,0.5509999999999999,1412076.6138
