Simulated_ID,Original_Group,pTau217
sub1,V,0.8526
sub2,V,0.8526
sub3,C,0.6698000000000001
sub4,C,0.6698000000000001
sub5,R,0.5509999999999999
